"Path","Size","Extension","SHA256"
"about\mission.svg","1068",".svg","F285CF679504B4907827A12F9B5E37AA8FC9E5E04CB0A31D32DA0B0A93D05704"
"about\team.svg","1311",".svg","F366D33044C5973E4AB1090F0135EE9F4C00C9F29B5A2BBC80431637CB4A5FAE"
"about\values.svg","1187",".svg","D19A2DD5B57544F92C77FA68E43F84505F6C1F90F97241F40A3B3593A7892BF4"
"about\vision.svg","1448",".svg","F23AB4EE07AD9178EEBB6B037265EF664A13BBD2040466F4955C40B1DA8FF87B"
"backgrounds\dots.svg","467",".svg","A720D43E14ED3EA7E3DCD45A964AAE543B22B34B43B1871BA321DD24420B9DAE"
"backgrounds\grid.svg","284",".svg","49C5B6945925C61E593EE484B1217D307F3E39B5CB326B7FCBBBDFA6F001F834"
"backgrounds\hero-bg.webp","37",".webp","F3DF71694D3010DFD4C75BF9A5309DD4A16204348752E20AF76E24A9D0CA27D7"
"backgrounds\hero-grid.svg","354",".svg","701940D9452D5A38408460EB3AE40B517EAAED98704E1C029221D42E232E9DEE"
"backgrounds\hero-lines.svg","696",".svg","C0A6C6478835F1A7A38E795E84E1427A1E3C2981A7BEC32C4D6B00F17DC72954"
"backgrounds\noise.svg","280",".svg","221BF5898721897FB5F08CD393ACC2CC2457077863372B4081506844CE5DCFF1"
"backgrounds\pattern.svg","614",".svg","76D79D2BEB3F451B916BB6778802CD891836FA70243F120C8ED2AA831B860A1E"
"backgrounds\waves.svg","345",".svg","16DC6689697BA679F804576052E4A2F9F6632308B4A4DD279684556B6F61C176"
"blog\fallbacks\blog.svg","293",".svg","36ED9DDD3563310493CE8F8C80D9A9A9B05C0E9EBC1465D101EEDC6B5CF6513A"
"brand\apple-touch-icon.svg","693",".svg","01FF074FF2515670763D23BB4F29AFED38090F69973D740FB44B642F6DA5DF4A"
"brand\logo-dark.svg","433",".svg","B88EB5E607D90AD5FBBB4A417E94C4669CB26FAD823534C4B3C1ADB3D8CD142B"
"brand\logo-footer.webp","7802",".webp","7FEF636F8897B6C7559A8B17B02D81BEB78A261457BF2E264556ADDA34FD0FE7"
"brand\logo-white.svg","685",".svg","B92F6CB9AA96CEB6D15932C91CC051E4933B8C06C397D73AD72D6F432F8C3854"
"brand\logo.svg","683",".svg","7012B9217621A261FB3680E90644BA8215A930B771B89E7E94BC6003DB2B198D"
"brand\logomarca.png","1272090",".png","0EE7DADD4E9659CD149A42AF6B88C58C51360B6925849E6D382EB6C9E0CF3E60"
"brand\og-image.svg","3853",".svg","1A572B8C47C5D4972CC704E02E9DD773C76E02E8BD3CF494BF18C98050D5C141"
"brand\watermark-logo.svg","859",".svg","7B3DDA990C87C41AABCCEEEF2BAA3EFF5E04AC98ED77989A845638D294369529"
"candidates\busca-vagas.png","127056",".png","2AFC91C641E74BAE459EDF5F4662B83F4E50717AA1F1F98AD60C7D8017A567D6"
"candidates\cadastro-curriculo.png","1255239",".png","227DEEDA80A5FD8CA61DCA196AB45128FAB8B673C8E46C93BC1649973B6DD9C4"
"candidatos\fallbacks\candidatos.svg","481",".svg","41AE1B62F8F8FE2D8997B34757B18A09A468A28FC74E4F2EA34C904E11409742"
"candidatos\hero\busca-vagas.png","127056",".png","2AFC91C641E74BAE459EDF5F4662B83F4E50717AA1F1F98AD60C7D8017A567D6"
"candidatos\hero\cadastro-curriculo.png","1255239",".png","227DEEDA80A5FD8CA61DCA196AB45128FAB8B673C8E46C93BC1649973B6DD9C4"
"careers\recruitment.svg","1068",".svg","E8012A3EB3B4AFDED99617DAFACE7C5D3648A05CB3AE181506CE834057624602"
"careers\recruitment.webp","37",".webp","F3DF71694D3010DFD4C75BF9A5309DD4A16204348752E20AF76E24A9D0CA27D7"
"careers\workers.svg","997",".svg","1B8B8942FBC3CA71D7758AF74CBD5D63D4DC51BED054EC5238A0E0196C3D52E5"
"careers\workers.webp","37",".webp","F3DF71694D3010DFD4C75BF9A5309DD4A16204348752E20AF76E24A9D0CA27D7"
"clientes\Abarca Moveis.jpg","736806",".jpg","94803353F6D84E9A9882600EACF1AF4318CBCA37AD721EFA300245B0919BB5F1"
"clientes\abarca-moveis.avif","2448",".avif","F8F97A937E6B7DBF31C762AF607D688EA24B58C391085BF776806EDE1EC9EC33"
"clientes\alpha.svg","455",".svg","F18F1E5006DFC9E55132873C89A145C0A817FB143A060F7C3AD717EE1B30F889"
"clientes\beta.svg","455",".svg","02A9831C21802BE5476363A2688536E1C3AF47D14591BFD5C431A1D5912220A3"
"clientes\delta.svg","455",".svg","F18F1E5006DFC9E55132873C89A145C0A817FB143A060F7C3AD717EE1B30F889"
"clientes\empresa-vector-engenharia-sistemas.webp","9260",".webp","99FA212734041729BDCDFD73CEF43C04627AAD556C85135F16B2ACFB6460A35C"
"clientes\empresa-vector-engenharia.webp","6970",".webp","F8250C5475AAC1BC3293C2A9A06740FB284ECA9748EA84B4965651098CBC5B68"
"clientes\empresas.png","128596",".png","9D5F0E03DA07E47D2DD02C6A341E5E40A239A4F7A4019CCFCB93969DD1CF6ABD"
"clientes\epslon.svg","455",".svg","F18F1E5006DFC9E55132873C89A145C0A817FB143A060F7C3AD717EE1B30F889"
"clientes\gama.svg","455",".svg","02A9831C21802BE5476363A2688536E1C3AF47D14591BFD5C431A1D5912220A3"
"clientes\logo abarca_Prancheta 1.avif","2448",".avif","F8F97A937E6B7DBF31C762AF607D688EA24B58C391085BF776806EDE1EC9EC33"
"clientes\Mistral Vidros.jpg","693141",".jpg","E85CAAD889E7E35A8683D30E0B77164F2A713121A3BF3C16F17079717B17609C"
"clientes\mistral-vidros-real.webp","2334",".webp","11BE3CA4315E8AB2A5779AB6F5DBE7F369FD8954280842E75CB7A1D3FC209C32"
"clientes\mistral-vidros.webp","2334",".webp","11BE3CA4315E8AB2A5779AB6F5DBE7F369FD8954280842E75CB7A1D3FC209C32"
"clientes\Vector Engenharia e Sistemas de Automacao.jpg","687903",".jpg","CEF83D346D783515B0D78B23A5D31D12592CA158CD35AFF864D247C4CCBF56E3"
"clientes\vector-engenharia.webp","9260",".webp","99FA212734041729BDCDFD73CEF43C04627AAD556C85135F16B2ACFB6460A35C"
"clientes\Vectro Engenharia.jpg","756985",".jpg","6638DA026D917C2E5CA4E5C61DF9FECFC4CCF7B9FD3842855638D74032F974CE"
"clientes\zeta.svg","455",".svg","02A9831C21802BE5476363A2688536E1C3AF47D14591BFD5C431A1D5912220A3"
"clients\alpha.svg","455",".svg","F18F1E5006DFC9E55132873C89A145C0A817FB143A060F7C3AD717EE1B30F889"
"clients\beta.svg","455",".svg","02A9831C21802BE5476363A2688536E1C3AF47D14591BFD5C431A1D5912220A3"
"clients\delta.svg","455",".svg","F18F1E5006DFC9E55132873C89A145C0A817FB143A060F7C3AD717EE1B30F889"
"clients\epslon.svg","455",".svg","F18F1E5006DFC9E55132873C89A145C0A817FB143A060F7C3AD717EE1B30F889"
"clients\gama.svg","455",".svg","02A9831C21802BE5476363A2688536E1C3AF47D14591BFD5C431A1D5912220A3"
"clients\zeta.svg","455",".svg","02A9831C21802BE5476363A2688536E1C3AF47D14591BFD5C431A1D5912220A3"
"company\about-team.svg","496",".svg","8F1F2CF0AE1A05F6ED688ADB276BD5E7E4C27857EDCED47AC07B35190E3688DC"
"company\about-team.webp","37",".webp","F3DF71694D3010DFD4C75BF9A5309DD4A16204348752E20AF76E24A9D0CA27D7"
"company\about.svg","573",".svg","C5C4616D34B0EA11EF3F4C28C72B1AF45915E4A96F8B13BE04A999D52DE34A1E"
"company\contrato.webp","126034",".webp","316B442418E0F91ED6FEDB9CA1B2103F1B057B427585F480FB4559D414CFFD1C"
"company\mission.svg","462",".svg","F87BE3F8AF0A96D71AE96387AFCB28B760A11C6BCBB7136B931F5E7CA2B6AAAF"
"company\mission.webp","37",".webp","F3DF71694D3010DFD4C75BF9A5309DD4A16204348752E20AF76E24A9D0CA27D7"
"company\values.svg","510",".svg","A60D56F0D9B021BE2114B9E43CD6A4FAB1E6E400D165B0CA22192457AF297E09"
"company\values.webp","37",".webp","F3DF71694D3010DFD4C75BF9A5309DD4A16204348752E20AF76E24A9D0CA27D7"
"construcao\cardenconstrucao.png","134389",".png","28FC8FF589F306BA7A5265B63FE61A3C7B37B71E109CDDFC0F42870D4EDE180D"
"construcao\galeriaenconstrucao.png","76555",".png","401A232D9A38E5646A4ECFB1F5CC6A4707B35503BF2279ECDD42CAD46FB4A66F"
"contact\contact.svg","1127",".svg","1ABADC2436B3D7BC778EEFBCD8E7D4824B6D8270C9B39E051E95DD354D3FB791"
"contact\location.svg","1025",".svg","2CC6E8DA260D30240C51B0BFC235C5ED8EF5B02E9D5E4E1DE328B7ECE30FCA72"
"contato\contato.webp","102448",".webp","A2F5AD5C0DC7487E1C0136577AAFC284E0DE10EACFC80871DCE6D08C66D92D98"
"contato\fallbacks\contato.png","64802",".png","8BC19278F634F648CEEA9CFA769CC087605B9928EDA896119E7733406CBB5BB0"
"contato\hero\contact.svg","1127",".svg","1ABADC2436B3D7BC778EEFBCD8E7D4824B6D8270C9B39E051E95DD354D3FB791"
"contato\hero\contato.png","1891083",".png","5578CFB931A8E670BCBC6C9F0D01FF3A8E7FC879341F83531D5E0E0496CC2444"
"contato\hero\contato.webp","102448",".webp","A2F5AD5C0DC7487E1C0136577AAFC284E0DE10EACFC80871DCE6D08C66D92D98"
"contato\hero\location.svg","1025",".svg","2CC6E8DA260D30240C51B0BFC235C5ED8EF5B02E9D5E4E1DE328B7ECE30FCA72"
"empresas\cadastro-empresas.png","128596",".png","9D5F0E03DA07E47D2DD02C6A341E5E40A239A4F7A4019CCFCB93969DD1CF6ABD"
"empresas\fallbacks\empresas.svg","419",".svg","268715BB6B8E00E6A12127AFBCEF52D9F25BCF388BA07E464CE940B212C3F137"
"empresas\hero\cadastro-empresas.png","128596",".png","9D5F0E03DA07E47D2DD02C6A341E5E40A239A4F7A4019CCFCB93969DD1CF6ABD"
"fallbacks\blog.svg","293",".svg","36ED9DDD3563310493CE8F8C80D9A9A9B05C0E9EBC1465D101EEDC6B5CF6513A"
"fallbacks\candidatos.svg","481",".svg","41AE1B62F8F8FE2D8997B34757B18A09A468A28FC74E4F2EA34C904E11409742"
"fallbacks\contato.png","64802",".png","8BC19278F634F648CEEA9CFA769CC087605B9928EDA896119E7733406CBB5BB0"
"fallbacks\default.svg","427",".svg","0D45F3ED16EF38AA5FDF432E299B5D0F244662DDD1A788ED3B1DADBE4CD1FF6A"
"fallbacks\empresas.svg","419",".svg","268715BB6B8E00E6A12127AFBCEF52D9F25BCF388BA07E464CE940B212C3F137"
"fallbacks\parceiros.svg","544",".svg","8B1A1B91C0CB0D9ACBF80F76DCAA85B393E7619FD748F32CDBBF529957A2F11D"
"fallbacks\servicos.png","76555",".png","401A232D9A38E5646A4ECFB1F5CC6A4707B35503BF2279ECDD42CAD46FB4A66F"
"fallbacks\vagas.png","134389",".png","28FC8FF589F306BA7A5265B63FE61A3C7B37B71E109CDDFC0F42870D4EDE180D"
"favicons\favicon-dark.svg","685",".svg","EE4EEBC08D17318AED0AB8F04488234D3A4631B577A060C3F840CC12F4BA075C"
"favicons\favicon-light.svg","681",".svg","DD742FC2AB587D668AC22ABCD68A2D7AE3ED868C97AA31A80F9F90E30398CB02"
"favicons\favicon.jpg","422631",".jpg","02C4D35C5A820B613C9C0847D5F16FFAAEE7A433533A1943BA8D95104E9CAB81"
"favicons\favicon.svg","681",".svg","7671A7E52BE63DF675B26674C608FA019BB5DE6584350477AEE339B7BC96C116"
"favicons\favicon.webp","37",".webp","F3DF71694D3010DFD4C75BF9A5309DD4A16204348752E20AF76E24A9D0CA27D7"
"favicons\faviconfooter.jpg","551681",".jpg","42BB10A2710EE9CEB5C8C98C24AEF41E1E3726AA1C7DD73847B329C98A4DA9C1"
"gallery\placeholder.svg","497",".svg","59CBFD649ED21C454326469D9ADA3AD68D2AAF7892545A7AD68CF8C195BB8F4A"
"global\backgrounds\dots.svg","467",".svg","A720D43E14ED3EA7E3DCD45A964AAE543B22B34B43B1871BA321DD24420B9DAE"
"global\backgrounds\grid.svg","284",".svg","49C5B6945925C61E593EE484B1217D307F3E39B5CB326B7FCBBBDFA6F001F834"
"global\backgrounds\hero-bg.webp","37",".webp","F3DF71694D3010DFD4C75BF9A5309DD4A16204348752E20AF76E24A9D0CA27D7"
"global\backgrounds\hero-grid.svg","354",".svg","701940D9452D5A38408460EB3AE40B517EAAED98704E1C029221D42E232E9DEE"
"global\backgrounds\hero-lines.svg","696",".svg","C0A6C6478835F1A7A38E795E84E1427A1E3C2981A7BEC32C4D6B00F17DC72954"
"global\backgrounds\noise.svg","280",".svg","221BF5898721897FB5F08CD393ACC2CC2457077863372B4081506844CE5DCFF1"
"global\backgrounds\pattern.svg","614",".svg","76D79D2BEB3F451B916BB6778802CD891836FA70243F120C8ED2AA831B860A1E"
"global\backgrounds\waves.svg","345",".svg","16DC6689697BA679F804576052E4A2F9F6632308B4A4DD279684556B6F61C176"
"global\brand\apple-touch-icon.svg","693",".svg","01FF074FF2515670763D23BB4F29AFED38090F69973D740FB44B642F6DA5DF4A"
"global\brand\js-empregos-branco.svg","457",".svg","8080F35D4CA1646C002B40238483CF64B021BA38F675CABD719A01DF9C823379"
"global\brand\js-empregos-branco.webp","37",".webp","F3DF71694D3010DFD4C75BF9A5309DD4A16204348752E20AF76E24A9D0CA27D7"
"global\brand\jslogomarca-Photoroom.png","188723",".png","C003BBA43561AD134001A90F3A3506321F7F3B2373001CE1F128392083FF6746"
"global\brand\jslogomarca.png","2043161",".png","5318844FE51C5D49C7155C026CD8D34CA630A28434F94479446F906D99E71947"
"global\brand\logmarca3d.png","1196806",".png","DD60202FC1D9164992638BDEB043C92602920DB6776116CDCC013431423FDDFE"
"global\brand\logo-dark.svg","433",".svg","B88EB5E607D90AD5FBBB4A417E94C4669CB26FAD823534C4B3C1ADB3D8CD142B"
"global\brand\logo-footer.webp","7802",".webp","7FEF636F8897B6C7559A8B17B02D81BEB78A261457BF2E264556ADDA34FD0FE7"
"global\brand\logo-white.svg","685",".svg","B92F6CB9AA96CEB6D15932C91CC051E4933B8C06C397D73AD72D6F432F8C3854"
"global\brand\logo.svg","683",".svg","7012B9217621A261FB3680E90644BA8215A930B771B89E7E94BC6003DB2B198D"
"global\brand\logomarca-1.png","188723",".png","C003BBA43561AD134001A90F3A3506321F7F3B2373001CE1F128392083FF6746"
"global\brand\logomarca.jpg","551681",".jpg","42BB10A2710EE9CEB5C8C98C24AEF41E1E3726AA1C7DD73847B329C98A4DA9C1"
"global\brand\logomarca.png","2043161",".png","5318844FE51C5D49C7155C026CD8D34CA630A28434F94479446F906D99E71947"
"global\brand\og-image.svg","3853",".svg","1A572B8C47C5D4972CC704E02E9DD773C76E02E8BD3CF494BF18C98050D5C141"
"global\brand\sidebar-icon.svg","739",".svg","28C9F5D229D39FA2067C4A877DD08E85D2FCE5726470956A582C0C5EDE34B8DC"
"global\brand\sidebar-logo.svg","1248",".svg","D1344B48CB973E5C0CDE8174B6F97EF54C60CAB949C290D73EA36A04921FA6FD"
"global\brand\watermark-logo.svg","859",".svg","7B3DDA990C87C41AABCCEEEF2BAA3EFF5E04AC98ED77989A845638D294369529"
"global\fallbacks\default.svg","427",".svg","0D45F3ED16EF38AA5FDF432E299B5D0F244662DDD1A788ED3B1DADBE4CD1FF6A"
"global\favicon\faveicon.jpg","422631",".jpg","02C4D35C5A820B613C9C0847D5F16FFAAEE7A433533A1943BA8D95104E9CAB81"
"global\favicon\favicon-dark.svg","685",".svg","EE4EEBC08D17318AED0AB8F04488234D3A4631B577A060C3F840CC12F4BA075C"
"global\favicon\favicon-light.svg","681",".svg","DD742FC2AB587D668AC22ABCD68A2D7AE3ED868C97AA31A80F9F90E30398CB02"
"global\favicon\favicon.svg","681",".svg","7671A7E52BE63DF675B26674C608FA019BB5DE6584350477AEE339B7BC96C116"
"global\favicon\favicon.webp","37",".webp","F3DF71694D3010DFD4C75BF9A5309DD4A16204348752E20AF76E24A9D0CA27D7"
"global\icons\building.svg","810",".svg","6928400EF144753F92A18A65738D78E12E046EA925195E6AB01B4DE881154072"
"global\icons\check.svg","303",".svg","687FE2D0C5D37805273EB28020FA6BB0D8B7DDA8B48EB7C1C86C44A56B875116"
"global\icons\clock.svg","434",".svg","406C4EDF6704B21D7D472D00997B01C5F0657D6D3366F2E38153B329741CB4A1"
"global\icons\quality.svg","450",".svg","4931416E2095C5CDA4FFAE8CAFD4377320BA31252DAB61AC3D4A736BD02E6C56"
"global\icons\shield.svg","404",".svg","386C432C363B3D0471DE54A3BDC0697F7CD1446E921AF6F0AA5BFFCB53D928C2"
"global\icons\support.svg","400",".svg","B3F2BF6E5F506DFFB7162AC63261E99D617FFFE8D9ED5AF2ED05499F735418EB"
"global\icons\users.svg","478",".svg","8EFC723134C7C0879A8D9A40F8513A183169C4603F1685F1A09497AB5899E738"
"global\icons\wrench.svg","447",".svg","23F3E3EB1CE3394A1F7DE9699D1C07990CEE4350C9B18C4E10E40CFA4FA9DCA8"
"global\illustrations\corporate.svg","621",".svg","C5A7437043732D518B75466202E6F5FDA78A6D9EB6A7FEE16AC6B9AEFBA74AA7"
"global\illustrations\office.svg","923",".svg","AC0053CB7E3B7489FDC85AA9FE0D9BC197B246FBD3AEFEB90EDD92B6FACD841C"
"global\illustrations\team.svg","572",".svg","DE7FCC6EF3FEE1477D103CAD2B75EF4989CF0166B6B073ACD1041859B28A50C1"
"global\placeholders\hero-fallback.svg","1026",".svg","2D4C9AFC53231E80323C9C839521405E5DCB787793D1C1717A9FDFD4B0D9E376"
"global\placeholders\image-placeholder.svg","1514",".svg","5095EF95A5E3CB4DC3C65F0C421198179FE741704DA1FB74D7A40EFAE4725D74"
"global\placeholders\service-fallback.svg","943",".svg","3C1224E4720698883299CDBBD4430844E222BB01701AAAEBE1C49B8B3364A548"
"hero\banner-js-empregos.png","1183860",".png","579203AD9CA905FA3A0773DD8653BEC06FF2ED44509769CA14118C93D0EBC565"
"hero\banner-js.png","1183860",".png","579203AD9CA905FA3A0773DD8653BEC06FF2ED44509769CA14118C93D0EBC565"
"hero\card-hero.png","122139",".png","C3BF1C2841ACC201B7F688D404BBB19A17773425F065277A888205DE99C4F3C1"
"hero\hero-main.svg","4105",".svg","940D602BA8FC0CFBC3DD634F0F39A700A0636F302EA9B82E6B17F10242178C1D"
"hero\hero-main.webp","37",".webp","F3DF71694D3010DFD4C75BF9A5309DD4A16204348752E20AF76E24A9D0CA27D7"
"hero\hero-overlay.svg","467",".svg","123A081314A5B4A09DF83F1E305363A4521B754B956BA41E22F74101D8B7691D"
"hero\hero-profissional.svg","5906",".svg","570DE9B848A86103E63C248D79BDBB9DFFC82D8B0B6B1F0554B0CE40C29EAC8F"
"hero\hero-security.svg","764",".svg","788968FA67BE7E2B64B78C0215BC9946D04A02BD0EEA2B78D0CEA66001C9E0CF"
"hero\hero-security.webp","37",".webp","F3DF71694D3010DFD4C75BF9A5309DD4A16204348752E20AF76E24A9D0CA27D7"
"hero\servicos-hero.webp","36334",".webp","2A97795E7EC84139513D93DD36954020C89351B63292BA91EF8C7CC4F74E541A"
"hero\contato\hero.svg","1680",".svg","2F62882272E072EE3B28A11B952EEBB7141F929B05DEF6790D7822586898DE2B"
"hero\fornecedores\hero.svg","1136",".svg","7C499F828133A270C2471500D99A3326898587CE3A520359A15B260670B6D16C"
"hero\home\banner-principal.webp","126034",".webp","316B442418E0F91ED6FEDB9CA1B2103F1B057B427585F480FB4559D414CFFD1C"
"hero\home\banner-secundario.webp","7802",".webp","7FEF636F8897B6C7559A8B17B02D81BEB78A261457BF2E264556ADDA34FD0FE7"
"hero\home\banner-terciario.png","324447",".png","CF8848ADDE640308385ABB309B0A51B9D5ED60363AFD8874132347C88444C0BB"
"hero\home\cardheros.png","472205",".png","1020A9F7446E5A073FEDC945C646911BD31F71E9ACD4A5F748F429B678731C5B"
"hero\home\cardheros1.png","1804944",".png","E7CF55059861FE869BF489484EB47BA92BC4F1E1852620FED653C15E63E5E184"
"hero\home\cardheros2.png","1183860",".png","579203AD9CA905FA3A0773DD8653BEC06FF2ED44509769CA14118C93D0EBC565"
"hero\home\cardheros3.png","818678",".png","995A0A88CF7FAF721D8900B43ACB4FD9DC001B1EB5C57A91ECFB0442044776F3"
"hero\home\cardherosteste.png","1976788",".png","BC5032A6F69411140BC0E08B1018705C385D68F1266B6612E855DB85F6CE7245"
"hero\home\empresa-vector-engenharia-sistemas.webp","9260",".webp","99FA212734041729BDCDFD73CEF43C04627AAD556C85135F16B2ACFB6460A35C"
"hero\home\empresa-vector-engenharia.webp","6970",".webp","F8250C5475AAC1BC3293C2A9A06740FB284ECA9748EA84B4965651098CBC5B68"
"hero\home\fallback.svg","1116",".svg","BA71A3365A749C39E96DD9A678E6C4A6DE43E6316034A25F592ACDA3E3924941"
"hero\home\Gemini_Generated_Image_ (8).png","2288297",".png","4857E5A414C96D8FC33C820524AC555BC3F15EB988AFDEE36A3633B8EE9FD5B6"
"hero\home\Gemini_Generated_Image_qqprxpqqprxpqqpr.png","2058594",".png","5A10B9EF36C5699AC6967C482B2D28E4FCE8D23EDC118A81491916812508758C"
"hero\home\Gemini_Generated_Image_w1t8mw1t8mw1t8mw.png","2019135",".png","37630C66C0C847FC2C143A2DE9DC24AB174C7AC9CED9D9E9E21E53AE12BC371D"
"hero\home\hero-01.svg","1631",".svg","D2F1B7EB168D660E8837319D3CBCA4F1BEB0AF16C100ED0A053BF4F058390756"
"hero\home\hero-02.svg","1546",".svg","284F590A278B8EDCD396ACD12F595829A5183E651D543796B166E8E89F248D23"
"hero\home\hero-03.svg","1641",".svg","D954A3C518F113CE9386EC671A9DE5721144CF2D5568794497B3AEF67FD62222"
"hero\home\logomarca.png","1272090",".png","0EE7DADD4E9659CD149A42AF6B88C58C51360B6925849E6D382EB6C9E0CF3E60"
"hero\home\mistral.webp","2334",".webp","11BE3CA4315E8AB2A5779AB6F5DBE7F369FD8954280842E75CB7A1D3FC209C32"
"hero\login\hero.jpg","706576",".jpg","76110475CE67AD3A2AE8AD812E6550841E522B5FFF680F9CB79A5C65C9BD26C0"
"hero\login\hero.svg","1383",".svg","AC2DD6B8E7AA35A856FC506B6FA473E82834356526F873693251E999E7D7F7A7"
"hero\parceiros\hero.svg","1103",".svg","54CF3CF2699E02F7179D05879A6B9D497BA6C4C267F06CDE8E6752952D4175C3"
"hero\servicos\hero.svg","985",".svg","0D31B157E90F5A5F442B66C7BFE343BAC1AED011AFDB5366F3357AB54CD23644"
"hero\sobre\hero.svg","1847",".svg","978F6C79D861A903CE5C91D33B4334D395A13006E240F50D12D96E13597EB817"
"hero\suporte\hero.svg","1296",".svg","5CD6B804C8A5314ECE7C84FD6F01E586D9566AD8E5573BBEF35521A980929F2A"
"hero\trabalhe-conosco\hero.svg","1757",".svg","24A72A35642D212F7BE53649152D1298937B0E5964CC7DD93637DFB2DD531210"
"home\banners\banner-js-empregos.png","1183860",".png","579203AD9CA905FA3A0773DD8653BEC06FF2ED44509769CA14118C93D0EBC565"
"home\banners\banner-js.png","1183860",".png","579203AD9CA905FA3A0773DD8653BEC06FF2ED44509769CA14118C93D0EBC565"
"home\banners\banner-principal.webp","126034",".webp","316B442418E0F91ED6FEDB9CA1B2103F1B057B427585F480FB4559D414CFFD1C"
"home\banners\banner-secundario.webp","7802",".webp","7FEF636F8897B6C7559A8B17B02D81BEB78A261457BF2E264556ADDA34FD0FE7"
"home\banners\banner-terciario.png","324447",".png","CF8848ADDE640308385ABB309B0A51B9D5ED60363AFD8874132347C88444C0BB"
"home\cards\cardheros.png","472205",".png","1020A9F7446E5A073FEDC945C646911BD31F71E9ACD4A5F748F429B678731C5B"
"home\cards\cardheros1.png","1804944",".png","E7CF55059861FE869BF489484EB47BA92BC4F1E1852620FED653C15E63E5E184"
"home\cards\cardheros2.png","1183860",".png","579203AD9CA905FA3A0773DD8653BEC06FF2ED44509769CA14118C93D0EBC565"
"home\cards\cardheros3.png","818678",".png","995A0A88CF7FAF721D8900B43ACB4FD9DC001B1EB5C57A91ECFB0442044776F3"
"home\cards\cardherosteste.png","1976788",".png","BC5032A6F69411140BC0E08B1018705C385D68F1266B6612E855DB85F6CE7245"
"home\hero\hero-main.svg","4105",".svg","940D602BA8FC0CFBC3DD634F0F39A700A0636F302EA9B82E6B17F10242178C1D"
"home\hero\hero-main.webp","37",".webp","F3DF71694D3010DFD4C75BF9A5309DD4A16204348752E20AF76E24A9D0CA27D7"
"home\hero\hero-overlay.svg","467",".svg","123A081314A5B4A09DF83F1E305363A4521B754B956BA41E22F74101D8B7691D"
"home\hero\hero-profissional.svg","5906",".svg","570DE9B848A86103E63C248D79BDBB9DFFC82D8B0B6B1F0554B0CE40C29EAC8F"
"home\hero\hero-security.svg","764",".svg","788968FA67BE7E2B64B78C0215BC9946D04A02BD0EEA2B78D0CEA66001C9E0CF"
"home\hero\hero-security.webp","37",".webp","F3DF71694D3010DFD4C75BF9A5309DD4A16204348752E20AF76E24A9D0CA27D7"
"home\sections\fallback.svg","1116",".svg","BA71A3365A749C39E96DD9A678E6C4A6DE43E6316034A25F592ACDA3E3924941"
"home\sections\hero-01.svg","1631",".svg","D2F1B7EB168D660E8837319D3CBCA4F1BEB0AF16C100ED0A053BF4F058390756"
"home\sections\hero-02.svg","1546",".svg","284F590A278B8EDCD396ACD12F595829A5183E651D543796B166E8E89F248D23"
"home\sections\hero-03.svg","1641",".svg","D954A3C518F113CE9386EC671A9DE5721144CF2D5568794497B3AEF67FD62222"
"home\sections\logomarca.png","1272090",".png","0EE7DADD4E9659CD149A42AF6B88C58C51360B6925849E6D382EB6C9E0CF3E60"
"home\sections\servicos-hero.webp","36334",".webp","2A97795E7EC84139513D93DD36954020C89351B63292BA91EF8C7CC4F74E541A"
"icons\building.svg","810",".svg","6928400EF144753F92A18A65738D78E12E046EA925195E6AB01B4DE881154072"
"icons\check.svg","303",".svg","687FE2D0C5D37805273EB28020FA6BB0D8B7DDA8B48EB7C1C86C44A56B875116"
"icons\clock.svg","434",".svg","406C4EDF6704B21D7D472D00997B01C5F0657D6D3366F2E38153B329741CB4A1"
"icons\quality.svg","450",".svg","4931416E2095C5CDA4FFAE8CAFD4377320BA31252DAB61AC3D4A736BD02E6C56"
"icons\shield.svg","404",".svg","386C432C363B3D0471DE54A3BDC0697F7CD1446E921AF6F0AA5BFFCB53D928C2"
"icons\support.svg","400",".svg","B3F2BF6E5F506DFFB7162AC63261E99D617FFFE8D9ED5AF2ED05499F735418EB"
"icons\users.svg","478",".svg","8EFC723134C7C0879A8D9A40F8513A183169C4603F1685F1A09497AB5899E738"
"icons\wrench.svg","447",".svg","23F3E3EB1CE3394A1F7DE9699D1C07990CEE4350C9B18C4E10E40CFA4FA9DCA8"
"illustrations\corporate.svg","621",".svg","C5A7437043732D518B75466202E6F5FDA78A6D9EB6A7FEE16AC6B9AEFBA74AA7"
"illustrations\office.svg","923",".svg","AC0053CB7E3B7489FDC85AA9FE0D9BC197B246FBD3AEFEB90EDD92B6FACD841C"
"illustrations\team.svg","572",".svg","DE7FCC6EF3FEE1477D103CAD2B75EF4989CF0166B6B073ACD1041859B28A50C1"
"logos\js-empregos-branco.svg","457",".svg","8080F35D4CA1646C002B40238483CF64B021BA38F675CABD719A01DF9C823379"
"logos\js-empregos-branco.webp","37",".webp","F3DF71694D3010DFD4C75BF9A5309DD4A16204348752E20AF76E24A9D0CA27D7"
"logos\logomarca-1.png","188723",".png","C003BBA43561AD134001A90F3A3506321F7F3B2373001CE1F128392083FF6746"
"logos\logomarca.png","2043161",".png","5318844FE51C5D49C7155C026CD8D34CA630A28434F94479446F906D99E71947"
"logos\sidebar-icon.svg","739",".svg","28C9F5D229D39FA2067C4A877DD08E85D2FCE5726470956A582C0C5EDE34B8DC"
"logos\sidebar-logo.svg","1248",".svg","D1344B48CB973E5C0CDE8174B6F97EF54C60CAB949C290D73EA36A04921FA6FD"
"parceiros\business.svg","1326",".svg","E30EEAE537F46A8F122C610FAF6A9D4BF19B6C5DACC1753F7EA6074D6226757C"
"parceiros\cadastro-empresas-pareceiras.png","128596",".png","9D5F0E03DA07E47D2DD02C6A341E5E40A239A4F7A4019CCFCB93969DD1CF6ABD"
"parceiros\empresa-abarca.avif","2448",".avif","F8F97A937E6B7DBF31C762AF607D688EA24B58C391085BF776806EDE1EC9EC33"
"parceiros\empresa-vector-engenharia-sistemas.webp","9260",".webp","99FA212734041729BDCDFD73CEF43C04627AAD556C85135F16B2ACFB6460A35C"
"parceiros\empresa-vector-engenharia.webp","6970",".webp","F8250C5475AAC1BC3293C2A9A06740FB284ECA9748EA84B4965651098CBC5B68"
"parceiros\mistral.webp","2334",".webp","11BE3CA4315E8AB2A5779AB6F5DBE7F369FD8954280842E75CB7A1D3FC209C32"
"parceiros\network.svg","1246",".svg","A6D027F60B9330792D270D0828220E4D54DF82E39AB1162B38B5ADBD457C4D9C"
"parceiros\parceiro-a.svg","540",".svg","9BBDA4B75DCCAC0A1FA0930501D0C44BE6628112955B25309B7607F8BD633465"
"parceiros\parceiro-b.svg","544",".svg","0DAEAB909B6FFB79064B2E85E954D5A97F14894F053AAE630B9C584557C40EDB"
"parceiros\parceiro-c.svg","545",".svg","C7B1788CEE8A462B17DBFD2D223F356244D0F63AD5E4E34E11A1C75EC3E4612C"
"parceiros\parceiro-d.svg","541",".svg","2655C2912A7292E37090A76A69567F1D83E6EDAC0CB659C4C6768092B78DC2F8"
"parceiros\parceiro-e.svg","541",".svg","DFFCAD1EB4FA83D7E2C269D7D3E2C2AA77097563BDD10EB7B96001A003333F56"
"parceiros\parceiro-f.svg","540",".svg","507D6A316679CEC9890FE91E14FE3D0FF68154061214BFE8C8233A477C0E0AC9"
"parceiros\partnership.svg","499",".svg","515E15369F5810670A3E04A043416B11E66D9B7D52CB821F15E9952005052DAC"
"parceiros\partnership.webp","37",".webp","F3DF71694D3010DFD4C75BF9A5309DD4A16204348752E20AF76E24A9D0CA27D7"
"parceiros\vector-engenharia.webp","9260",".webp","99FA212734041729BDCDFD73CEF43C04627AAD556C85135F16B2ACFB6460A35C"
"parceiros\fallbacks\parceiros.svg","544",".svg","8B1A1B91C0CB0D9ACBF80F76DCAA85B393E7619FD748F32CDBBF529957A2F11D"
"partners\business.svg","1326",".svg","E30EEAE537F46A8F122C610FAF6A9D4BF19B6C5DACC1753F7EA6074D6226757C"
"partners\cadastro-empresas-pareceiras.png","128596",".png","9D5F0E03DA07E47D2DD02C6A341E5E40A239A4F7A4019CCFCB93969DD1CF6ABD"
"partners\empresa-abarca.avif","2448",".avif","F8F97A937E6B7DBF31C762AF607D688EA24B58C391085BF776806EDE1EC9EC33"
"partners\mistral.webp","2334",".webp","11BE3CA4315E8AB2A5779AB6F5DBE7F369FD8954280842E75CB7A1D3FC209C32"
"partners\network.svg","1246",".svg","A6D027F60B9330792D270D0828220E4D54DF82E39AB1162B38B5ADBD457C4D9C"
"partners\parceiro-a.svg","540",".svg","9BBDA4B75DCCAC0A1FA0930501D0C44BE6628112955B25309B7607F8BD633465"
"partners\parceiro-b.svg","544",".svg","0DAEAB909B6FFB79064B2E85E954D5A97F14894F053AAE630B9C584557C40EDB"
"partners\parceiro-c.svg","545",".svg","C7B1788CEE8A462B17DBFD2D223F356244D0F63AD5E4E34E11A1C75EC3E4612C"
"partners\parceiro-d.svg","541",".svg","2655C2912A7292E37090A76A69567F1D83E6EDAC0CB659C4C6768092B78DC2F8"
"partners\parceiro-e.svg","541",".svg","DFFCAD1EB4FA83D7E2C269D7D3E2C2AA77097563BDD10EB7B96001A003333F56"
"partners\parceiro-f.svg","540",".svg","507D6A316679CEC9890FE91E14FE3D0FF68154061214BFE8C8233A477C0E0AC9"
"partners\partnership.svg","499",".svg","515E15369F5810670A3E04A043416B11E66D9B7D52CB821F15E9952005052DAC"
"partners\partnership.webp","37",".webp","F3DF71694D3010DFD4C75BF9A5309DD4A16204348752E20AF76E24A9D0CA27D7"
"partners\vector-engenharia.webp","9260",".webp","99FA212734041729BDCDFD73CEF43C04627AAD556C85135F16B2ACFB6460A35C"
"placeholders\hero-fallback.svg","1026",".svg","2D4C9AFC53231E80323C9C839521405E5DCB787793D1C1717A9FDFD4B0D9E376"
"placeholders\image-placeholder.svg","1514",".svg","5095EF95A5E3CB4DC3C65F0C421198179FE741704DA1FB74D7A40EFAE4725D74"
"placeholders\service-fallback.svg","943",".svg","3C1224E4720698883299CDBBD4430844E222BB01701AAAEBE1C49B8B3364A548"
"processo-seletivo\processo.png","125168",".png","52222D964C77EE87B9A7D67D77E952BC9FEA693EBA993C8E35829D1AFA47DDB0"
"services\-terceirizacao-real.webp","26266",".webp","1EF8AAD09A6FFBB20283B6800C262B6B52F27A72A15A3313D091377897597D9F"
"services\access-control.svg","1239",".svg","975CC22FD0B666139CDC0E789DE240A1EAACCE4DC7BA0D1F01D0A25741FC1097"
"services\assessoria-rh.png","2058594",".png","5A10B9EF36C5699AC6967C482B2D28E4FCE8D23EDC118A81491916812508758C"
"services\assessoria-rh2.png","115159",".png","11E473CF19FD5A4A63B5D8CF34152FFB22BB243967DD483442FEF9D99F4B7B87"
"services\avaliacao-perfil.svg","1113",".svg","8BFFFC8658D148A0A305190E469BC5EDD561302C006E6E59079C5D20AF22F750"
"services\banco-talento-real.jfif","11903",".jfif","0F51EFB641CAF6567877E0DCA6ECDDF4478D05C5D55752521D10706D67268351"
"services\banco-talento.jfif","11903",".jfif","0F51EFB641CAF6567877E0DCA6ECDDF4478D05C5D55752521D10706D67268351"
"services\banco-talentos.svg","1369",".svg","13F177EAA64EDC093B3A4EF072FC578B5A9484D8869763717246943BFB0ABE52"
"services\cardzeladoria.png","132101",".png","F823F8FAAF5DA4A6F60F25DF21BB4CABE7994CA44A2A521E7AD2B51B17221466"
"services\cleaning.svg","1054",".svg","40359D46AAE6BBA856C990CC06402D351BA15822E9E9B8737664A573E9040FA4"
"services\controle-acesso.jfif","72210",".jfif","B5E5F8B34B7B45776D9F19BE2B81F212FE840B396AE9F0B22235E9255F7E1B52"
"services\controle-acesso.svg","2106",".svg","CEC513615614DAA2A29F81BCEBAAEA590E9EC52F8065034B09F2C5FD4891C238"
"services\facilities-alt.jfif","124061",".jfif","1CF7644A1CB99E85254A5A7B5373F896F942D7C5F89889C93AFF9EB1806687CC"
"services\facilities-jardinagem.webp","48462",".webp","E4FE7B9550F86F9F24AFC8BECD921E8F42593E4BAADB91CD31AFF9157C14F344"
"services\facilities-real.webp","48462",".webp","E4FE7B9550F86F9F24AFC8BECD921E8F42593E4BAADB91CD31AFF9157C14F344"
"services\facilities.png","115329",".png","94E98D5350CDF5DDCA87D3A7B2E71840C260E43D9EE217B4A21AA0E6A2AB0589"
"services\facilities.svg","1922",".svg","B145AD9854551123336EEBC28F5043C18FEA3BC7CE8BECA279F71FBBC57BAE4C"
"services\faxina.webp","31360",".webp","7B001129957F8BFD02937CA80B6FC7D7A6D16A0407FB2DD5CD537F96B4577D22"
"services\gallery-01.svg","500",".svg","A27D72871BBFBBF225407CD31B249C7B887614661D667EDFC6231CD31FF526A2"
"services\gallery-02.svg","500",".svg","8D5442ED18745F4AEEB7F52D20C75BD3244B17C6FB8D6D99F32ADD57F6C25CF0"
"services\gallery-03.svg","500",".svg","E9B375962821FE26930CC87411BF9F0449D028056BEA69F4C0491E0F1AC0A5AE"
"services\gallery-04.svg","500",".svg","4E75C85FA41CD556A0BE09869852109F3201D9D2EC4D224B7FB1C5CA5509B6FF"
"services\hero.webp","500",".webp","E1688112A872FDBEB241732205AA3630400613E62C1A75DF93EAC0809B4D13CE"
"services\hunting.svg","1094",".svg","2B33868B3DD556E471AE756D136A21B8A7207AE069B116E503FBE5D62F2D3BED"
"services\jardinagem-real.webp","37770",".webp","0097077AF01085A35D6B94FD5989C9FDC0A0BE275610F68E6A06E88594A01291"
"services\jardinagem.webp","37770",".webp","0097077AF01085A35D6B94FD5989C9FDC0A0BE275610F68E6A06E88594A01291"
"services\limpeza-de-fachada.webp","22124",".webp","B70AC2311896204578F0E49576A72993FB09A7370CDFF36ABC2AC99A808487A0"
"services\limpeza-de-manutencao.webp","23328",".webp","AB5196DE044100A034F128F5E65297F72FE90FE219355C859378C6562B74242A"
"services\limpeza-de-vidros.webp","29924",".webp","A201D07F047F1BA9F523FA20E6573E6BFEB1A9022131D4E6C3D7E936BA93985F"
"services\limpeza-escritorio.jfif","57220",".jfif","8C90D29AD351540EC2E8BFC0779FF71A6960BDAE7DC4483030A1904132CC5505"
"services\limpeza-higienizacao.webp","41714",".webp","924B3C511876D403B385242ACD190E4EF47CB586252D7267423CFD120911C143"
"services\limpeza-pesada.webp","21448",".webp","53FCC02F0789947929C5865641E7F0F9B6C336B2F414AB7800CB96396D371986"
"services\limpeza-pos-mudanca.webp","17822",".webp","A646C2E1D2C9F6385CDA4D2CA93B3688A2B352DC002EEAB965BA111AD10B717F"
"services\limpeza-pos-obra.webp","32524",".webp","3E74D9E91154A26860D4B320B4835A7CC5935E91918004273327983ACC14341D"
"services\limpeza-pre-mudanca.webp","28398",".webp","993DEBD9356767DB2558266FD4EC69E7D7A803342404E510EA4AF351511E1556"
"services\limpeza-real.webp","31360",".webp","7B001129957F8BFD02937CA80B6FC7D7A6D16A0407FB2DD5CD537F96B4577D22"
"services\limpeza.svg","1949",".svg","7F4B8A3B969D91B6D8380E2C3B1A6191BEC317C688E338B0C506DD243A96758D"
"services\maintenance.svg","1096",".svg","D769DBB09202F58BF2D0465A20773F7266F653A1B1084E29E8D833219AB6D35C"
"services\mao-de-obra-real.webp","29490",".webp","3FED6C494D24F41E36FD6D1FE079D6261ABA730A8975E4C1B6CEAAF6756BFC10"
"services\mao-de-obra.webp","29490",".webp","3FED6C494D24F41E36FD6D1FE079D6261ABA730A8975E4C1B6CEAAF6756BFC10"
"services\monitoramento.svg","1830",".svg","333D6CAA5AA3C777AFB4B0D926E65B1E99F41843528178574282DBBC2C18AAA3"
"services\portaria.svg","2024",".svg","289F42C4C8709B4D3E49E818B4C9C04A75E410EBDEB118956AE3EA4465EDBAD2"
"services\recepcao.svg","1851",".svg","9C5A16AD0A40FC04C2504510B797BFF4900DD4FA9F89BAFD238A548494C8CE88"
"services\reception.svg","1196",".svg","AFD4A7D1627CB351D5426C7A77AF557AAD3D0D43148F1993B84553F260E661AE"
"services\recrutamento-alt.jfif","56394",".jfif","0E16536FC6A77AA70A00D381395B5545D659707A3EEE39F62135284D25513408"
"services\recrutamento.svg","1050",".svg","1EE992CD462DA597E5B569A0D685EFB91BD0BE5EB842B5FC219223C7CE6615B0"
"services\security.svg","1318",".svg","99F7A745D99E6F214C729AE3B6BCB78998D633022FFEC7735F4C1D096F66690E"
"services\seguranca-patrimonial.svg","2950",".svg","832A09995CBD039F8A0EAE4E9AB66751EA31E7DF06F6F21A382E535EFC90130A"
"services\servicos-real.webp","36334",".webp","2A97795E7EC84139513D93DD36954020C89351B63292BA91EF8C7CC4F74E541A"
"services\servicos.png","128024",".png","6005E9783B62BA910AEC2B3C835EDC5E6C6D55CA9C6CCA5B2DFFE82E9CA61230"
"services\solucao-rh.jfif","65561",".jfif","E7B2F789EE2DF4D65B10A94FA5D4F6381DE9A356BE527EEE9C3C910B881554C9"
"services\terceirizacao-real.webp","26266",".webp","1EF8AAD09A6FFBB20283B6800C262B6B52F27A72A15A3313D091377897597D9F"
"services\terceirizacao.webp","26266",".webp","1EF8AAD09A6FFBB20283B6800C262B6B52F27A72A15A3313D091377897597D9F"
"services\trabalho-freelance.png","1517680",".png","E65FB9C2C646C44D36D67395FF1B5C2B33173D2F7D4CBAE03D8B403DE7D133E2"
"services\trabalho-terceirizado.png","1560790",".png","8A4AAA2944DE2D8F20832C4195C40EF533CF5091146E33CF609D99634E23F7FA"
"services\zeladoria-real.png","132101",".png","F823F8FAAF5DA4A6F60F25DF21BB4CABE7994CA44A2A521E7AD2B51B17221466"
"services\zeladoria.svg","1733",".svg","D8C4304DD201D2C5AA1053F322B553F343340DFB7F709A93AE71DF1C0B48A1BD"
"servicos\access-control.svg","1239",".svg","975CC22FD0B666139CDC0E789DE240A1EAACCE4DC7BA0D1F01D0A25741FC1097"
"servicos\assessoria-rh","115159","","11E473CF19FD5A4A63B5D8CF34152FFB22BB243967DD483442FEF9D99F4B7B87"
"servicos\assessoria-rh.png","2058594",".png","5A10B9EF36C5699AC6967C482B2D28E4FCE8D23EDC118A81491916812508758C"
"servicos\avaliacao-perfil.svg","1113",".svg","8BFFFC8658D148A0A305190E469BC5EDD561302C006E6E59079C5D20AF22F750"
"servicos\banco-talento.jfif","11903",".jfif","0F51EFB641CAF6567877E0DCA6ECDDF4478D05C5D55752521D10706D67268351"
"servicos\cleaning.svg","1054",".svg","40359D46AAE6BBA856C990CC06402D351BA15822E9E9B8737664A573E9040FA4"
"servicos\controle-acesso.jfif","72210",".jfif","B5E5F8B34B7B45776D9F19BE2B81F212FE840B396AE9F0B22235E9255F7E1B52"
"servicos\controle-acesso.svg","2106",".svg","CEC513615614DAA2A29F81BCEBAAEA590E9EC52F8065034B09F2C5FD4891C238"
"servicos\facilities-real.webp","48462",".webp","E4FE7B9550F86F9F24AFC8BECD921E8F42593E4BAADB91CD31AFF9157C14F344"
"servicos\facilities.svg","1922",".svg","B145AD9854551123336EEBC28F5043C18FEA3BC7CE8BECA279F71FBBC57BAE4C"
"servicos\faxina.webp","31360",".webp","7B001129957F8BFD02937CA80B6FC7D7A6D16A0407FB2DD5CD537F96B4577D22"
"servicos\hunting.svg","1094",".svg","2B33868B3DD556E471AE756D136A21B8A7207AE069B116E503FBE5D62F2D3BED"
"servicos\jardinagem-real.webp","37770",".webp","0097077AF01085A35D6B94FD5989C9FDC0A0BE275610F68E6A06E88594A01291"
"servicos\limpeza-de-fachada.webp","22124",".webp","B70AC2311896204578F0E49576A72993FB09A7370CDFF36ABC2AC99A808487A0"
"servicos\limpeza-de-manutencao.webp","23328",".webp","AB5196DE044100A034F128F5E65297F72FE90FE219355C859378C6562B74242A"
"servicos\limpeza-de-vidros.webp","29924",".webp","A201D07F047F1BA9F523FA20E6573E6BFEB1A9022131D4E6C3D7E936BA93985F"
"servicos\limpeza-escritorio.jfif","57220",".jfif","8C90D29AD351540EC2E8BFC0779FF71A6960BDAE7DC4483030A1904132CC5505"
"servicos\limpeza-higienizacao.webp","41714",".webp","924B3C511876D403B385242ACD190E4EF47CB586252D7267423CFD120911C143"
"servicos\limpeza-pesada.webp","21448",".webp","53FCC02F0789947929C5865641E7F0F9B6C336B2F414AB7800CB96396D371986"
"servicos\limpeza-pos-mudanca.webp","17822",".webp","A646C2E1D2C9F6385CDA4D2CA93B3688A2B352DC002EEAB965BA111AD10B717F"
"servicos\limpeza-pos-obra.webp","32524",".webp","3E74D9E91154A26860D4B320B4835A7CC5935E91918004273327983ACC14341D"
"servicos\limpeza-pre-mudanca.webp","28398",".webp","993DEBD9356767DB2558266FD4EC69E7D7A803342404E510EA4AF351511E1556"
"servicos\limpeza-real.webp","31360",".webp","7B001129957F8BFD02937CA80B6FC7D7A6D16A0407FB2DD5CD537F96B4577D22"
"servicos\limpeza.svg","1949",".svg","7F4B8A3B969D91B6D8380E2C3B1A6191BEC317C688E338B0C506DD243A96758D"
"servicos\mao-de-obra","29490","","3FED6C494D24F41E36FD6D1FE079D6261ABA730A8975E4C1B6CEAAF6756BFC10"
"servicos\mao-de-obra-real.webp","29490",".webp","3FED6C494D24F41E36FD6D1FE079D6261ABA730A8975E4C1B6CEAAF6756BFC10"
"servicos\monitoramento.svg","1830",".svg","333D6CAA5AA3C777AFB4B0D926E65B1E99F41843528178574282DBBC2C18AAA3"
"servicos\portaria.svg","2024",".svg","289F42C4C8709B4D3E49E818B4C9C04A75E410EBDEB118956AE3EA4465EDBAD2"
"servicos\recepcao.svg","1851",".svg","9C5A16AD0A40FC04C2504510B797BFF4900DD4FA9F89BAFD238A548494C8CE88"
"servicos\recrutamento-alt.jfif","56394",".jfif","0E16536FC6A77AA70A00D381395B5545D659707A3EEE39F62135284D25513408"
"servicos\recrutamento.svg","1050",".svg","1EE992CD462DA597E5B569A0D685EFB91BD0BE5EB842B5FC219223C7CE6615B0"
"servicos\security.svg","1318",".svg","99F7A745D99E6F214C729AE3B6BCB78998D633022FFEC7735F4C1D096F66690E"
"servicos\seguranca-patrimonial.svg","2950",".svg","832A09995CBD039F8A0EAE4E9AB66751EA31E7DF06F6F21A382E535EFC90130A"
"servicos\seguranca.jpg","36700",".jpg","B360252464B0BED3270E6B935AB6CA1838C09413D8E35288C1EEEE82EC421D12"
"servicos\servicos-real.webp","36334",".webp","2A97795E7EC84139513D93DD36954020C89351B63292BA91EF8C7CC4F74E541A"
"servicos\servicos.png","128024",".png","6005E9783B62BA910AEC2B3C835EDC5E6C6D55CA9C6CCA5B2DFFE82E9CA61230"
"servicos\solucao-rh.jfif","65561",".jfif","E7B2F789EE2DF4D65B10A94FA5D4F6381DE9A356BE527EEE9C3C910B881554C9"
"servicos\terceirizacao-real.webp","26266",".webp","1EF8AAD09A6FFBB20283B6800C262B6B52F27A72A15A3313D091377897597D9F"
"servicos\trabalho-freelance","1517680","","E65FB9C2C646C44D36D67395FF1B5C2B33173D2F7D4CBAE03D8B403DE7D133E2"
"servicos\trabalho-freelance.png","1517680",".png","E65FB9C2C646C44D36D67395FF1B5C2B33173D2F7D4CBAE03D8B403DE7D133E2"
"servicos\trabalho-terceirizado","1560790","","8A4AAA2944DE2D8F20832C4195C40EF533CF5091146E33CF609D99634E23F7FA"
"servicos\trabalho-terceirizado.png","1560790",".png","8A4AAA2944DE2D8F20832C4195C40EF533CF5091146E33CF609D99634E23F7FA"
"servicos\zeladoria-real.png","132101",".png","F823F8FAAF5DA4A6F60F25DF21BB4CABE7994CA44A2A521E7AD2B51B17221466"
"servicos\zeladoria.svg","1733",".svg","D8C4304DD201D2C5AA1053F322B553F343340DFB7F709A93AE71DF1C0B48A1BD"
"servicos\avaliacao-perfil\avaliacao-perfil.jpg","744859",".jpg","7D8CB60AA86CDB18E3554F29370E2DC33B5C67EA00AB51E1B63280563151FE8D"
"servicos\avaliacao-perfil\avaliacao-perfil.svg","1113",".svg","8BFFFC8658D148A0A305190E469BC5EDD561302C006E6E59079C5D20AF22F750"
"servicos\banco-de-talentos\banco-de-talentos.jpg","786105",".jpg","76C978F1A5FA1492ECE5E846A0BC148D428B3A376557403631A31E99454B60AF"
"servicos\banco-de-talentos\banco-talento-real.jfif","11903",".jfif","0F51EFB641CAF6567877E0DCA6ECDDF4478D05C5D55752521D10706D67268351"
"servicos\banco-de-talentos\banco-talento.jfif","11903",".jfif","0F51EFB641CAF6567877E0DCA6ECDDF4478D05C5D55752521D10706D67268351"
"servicos\banco-de-talentos\banco-talentos.svg","1369",".svg","13F177EAA64EDC093B3A4EF072FC578B5A9484D8869763717246943BFB0ABE52"
"servicos\controle-acesso\controle-acesso.jfif","72210",".jfif","B5E5F8B34B7B45776D9F19BE2B81F212FE840B396AE9F0B22235E9255F7E1B52"
"servicos\controle-acesso\controle-acesso.svg","2106",".svg","CEC513615614DAA2A29F81BCEBAAEA590E9EC52F8065034B09F2C5FD4891C238"
"servicos\controle-acesso\controle-de-acesso.jpg","1201343",".jpg","D2679BBA684EAD3958AEDE25670DAF92D3C447F72B196D05B0E3CBB42A5A3796"
"servicos\controle-acesso\monitoramento.svg","1830",".svg","333D6CAA5AA3C777AFB4B0D926E65B1E99F41843528178574282DBBC2C18AAA3"
"servicos\facilities\facilities-alt.jfif","124061",".jfif","1CF7644A1CB99E85254A5A7B5373F896F942D7C5F89889C93AFF9EB1806687CC"
"servicos\facilities\facilities-jardinagem.webp","48462",".webp","E4FE7B9550F86F9F24AFC8BECD921E8F42593E4BAADB91CD31AFF9157C14F344"
"servicos\facilities\facilities-real.webp","48462",".webp","E4FE7B9550F86F9F24AFC8BECD921E8F42593E4BAADB91CD31AFF9157C14F344"
"servicos\facilities\facilities.png","115329",".png","94E98D5350CDF5DDCA87D3A7B2E71840C260E43D9EE217B4A21AA0E6A2AB0589"
"servicos\facilities\facilities.svg","1922",".svg","B145AD9854551123336EEBC28F5043C18FEA3BC7CE8BECA279F71FBBC57BAE4C"
"servicos\fallbacks\servicos.png","76555",".png","401A232D9A38E5646A4ECFB1F5CC6A4707B35503BF2279ECDD42CAD46FB4A66F"
"servicos\faxina-diarista\faxina.webp","31360",".webp","7B001129957F8BFD02937CA80B6FC7D7A6D16A0407FB2DD5CD537F96B4577D22"
"servicos\gallery\gallery-01.svg","500",".svg","A27D72871BBFBBF225407CD31B249C7B887614661D667EDFC6231CD31FF526A2"
"servicos\gallery\gallery-02.svg","500",".svg","8D5442ED18745F4AEEB7F52D20C75BD3244B17C6FB8D6D99F32ADD57F6C25CF0"
"servicos\gallery\gallery-03.svg","500",".svg","E9B375962821FE26930CC87411BF9F0449D028056BEA69F4C0491E0F1AC0A5AE"
"servicos\gallery\gallery-04.svg","500",".svg","4E75C85FA41CD556A0BE09869852109F3201D9D2EC4D224B7FB1C5CA5509B6FF"
"servicos\hero\hero.webp","500",".webp","E1688112A872FDBEB241732205AA3630400613E62C1A75DF93EAC0809B4D13CE"
"servicos\hunting\executive-search.jpg","819613",".jpg","CCC3193C25477C5974683599D2EA8869BC115CA905715905880CBC1E997EAE29"
"servicos\hunting\hunting.svg","1094",".svg","2B33868B3DD556E471AE756D136A21B8A7207AE069B116E503FBE5D62F2D3BED"
"servicos\jardinagem\jardinagem-real.webp","37770",".webp","0097077AF01085A35D6B94FD5989C9FDC0A0BE275610F68E6A06E88594A01291"
"servicos\jardinagem\jardinagem.webp","37770",".webp","0097077AF01085A35D6B94FD5989C9FDC0A0BE275610F68E6A06E88594A01291"
"servicos\limpeza\limpeza.jpg","248621",".jpg","A4063214401AD5E442B555D753321A96F576555ADB6535DC2E7D39AC21ED947F"
"servicos\limpeza\limpezaantes.jpg","723562",".jpg","530BC6691312BCE8B44220E7CF7619436B637405BD2908311ECD518152DACAAF"
"servicos\limpeza-de-fachada\limpeza-de-fachada.webp","22124",".webp","B70AC2311896204578F0E49576A72993FB09A7370CDFF36ABC2AC99A808487A0"
"servicos\limpeza-de-vidros\limpeza-de-vidros.webp","29924",".webp","A201D07F047F1BA9F523FA20E6573E6BFEB1A9022131D4E6C3D7E936BA93985F"
"servicos\limpeza-pesada\limpeza-pesada.webp","21448",".webp","53FCC02F0789947929C5865641E7F0F9B6C336B2F414AB7800CB96396D371986"
"servicos\limpeza-pos-mudanca\limpeza-pos-mudanca.webp","17822",".webp","A646C2E1D2C9F6385CDA4D2CA93B3688A2B352DC002EEAB965BA111AD10B717F"
"servicos\limpeza-pos-obra\limpeza-pos-obra.webp","32524",".webp","3E74D9E91154A26860D4B320B4835A7CC5935E91918004273327983ACC14341D"
"servicos\limpeza-pre-mudanca\limpeza-pre-mudanca.webp","28398",".webp","993DEBD9356767DB2558266FD4EC69E7D7A803342404E510EA4AF351511E1556"
"servicos\mao-de-obra-efetiva\mao-de-obra-efetiva.jpg","737693",".jpg","DEDB01FF8C077EFB60DBAB16D84410D879840436E39D42CB04CF29152237F666"
"servicos\mao-de-obra-temporaria\mao-de-obra-temporaria.jpg","722847",".jpg","D53DDB90B06637400636C8DADBA11E843A1406734D9295C35296D96625F23073"
"servicos\portaria\portaria.svg","2024",".svg","289F42C4C8709B4D3E49E818B4C9C04A75E410EBDEB118956AE3EA4465EDBAD2"
"servicos\portaria\recepcao-e-portaria.jpg","1697854",".jpg","F244B15D65F8DEFB6F5C3E3F82A77153A5B15E37822F3CDFB1A23D608444AED3"
"servicos\portaria\recepcao.jpg","3142212",".jpg","D02EDC4FF639B7A6A422CC4AE621955440E929D2CE23E58C73FDB39BDC829BC0"
"servicos\portaria\recepcao.png","1978895",".png","02708D3CA0FBAAEC71D67B8C541B3BCBFB9B8139F80A2810CB1A9C3B6C91CCB1"
"servicos\portaria\recepcao.svg","1851",".svg","9C5A16AD0A40FC04C2504510B797BFF4900DD4FA9F89BAFD238A548494C8CE88"
"servicos\portaria\reception.svg","1196",".svg","AFD4A7D1627CB351D5426C7A77AF557AAD3D0D43148F1993B84553F260E661AE"
"servicos\processo-de-rh\processo-de-rh.jpg","882798",".jpg","FA2FDB06C5C9231FE5900F8329E5A4B9DAD95D48363490DE6C089B79AB579DC2"
"servicos\processo-de-rh\solucao-rh.jfif","65561",".jfif","E7B2F789EE2DF4D65B10A94FA5D4F6381DE9A356BE527EEE9C3C910B881554C9"
"servicos\recrutamento-selecao\recrutamento-alt.jfif","56394",".jfif","0E16536FC6A77AA70A00D381395B5545D659707A3EEE39F62135284D25513408"
"servicos\recrutamento-selecao\recrutamento.svg","1050",".svg","1EE992CD462DA597E5B569A0D685EFB91BD0BE5EB842B5FC219223C7CE6615B0"
"servicos\terceirizacao\terceirizacao-real.webp","26266",".webp","1EF8AAD09A6FFBB20283B6800C262B6B52F27A72A15A3313D091377897597D9F"
"servicos\terceirizacao\Terceirizacao.jpg","940183",".jpg","419CDA2FE9AD3C77539F7445DB91D3BD6EFA0CC703E2368DC4A31ED24C9AEC75"
"servicos\terceirizacao\terceirizacao.webp","26266",".webp","1EF8AAD09A6FFBB20283B6800C262B6B52F27A72A15A3313D091377897597D9F"
"servicos\zeladoria\cardzeladoria.png","132101",".png","F823F8FAAF5DA4A6F60F25DF21BB4CABE7994CA44A2A521E7AD2B51B17221466"
"servicos\zeladoria\maintenance.svg","1096",".svg","D769DBB09202F58BF2D0465A20773F7266F653A1B1084E29E8D833219AB6D35C"
"servicos\zeladoria\zeladoria-real.png","132101",".png","F823F8FAAF5DA4A6F60F25DF21BB4CABE7994CA44A2A521E7AD2B51B17221466"
"servicos\zeladoria\zeladoria.jpg","1128620",".jpg","91F32614C493175FA10E4619EE9618492398C710072D9EB7D660EB4ED0018EFB"
"servicos\zeladoria\zeladoria.svg","1733",".svg","D8C4304DD201D2C5AA1053F322B553F343340DFB7F709A93AE71DF1C0B48A1BD"
"sobre\about-team.svg","496",".svg","8F1F2CF0AE1A05F6ED688ADB276BD5E7E4C27857EDCED47AC07B35190E3688DC"
"sobre\about-team.webp","37",".webp","F3DF71694D3010DFD4C75BF9A5309DD4A16204348752E20AF76E24A9D0CA27D7"
"sobre\about.svg","573",".svg","C5C4616D34B0EA11EF3F4C28C72B1AF45915E4A96F8B13BE04A999D52DE34A1E"
"sobre\bannersobre.jpg","551681",".jpg","42BB10A2710EE9CEB5C8C98C24AEF41E1E3726AA1C7DD73847B329C98A4DA9C1"
"sobre\contrato.webp","126034",".webp","316B442418E0F91ED6FEDB9CA1B2103F1B057B427585F480FB4559D414CFFD1C"
"sobre\mission.svg","462",".svg","F87BE3F8AF0A96D71AE96387AFCB28B760A11C6BCBB7136B931F5E7CA2B6AAAF"
"sobre\mission.webp","37",".webp","F3DF71694D3010DFD4C75BF9A5309DD4A16204348752E20AF76E24A9D0CA27D7"
"sobre\team.svg","1311",".svg","F366D33044C5973E4AB1090F0135EE9F4C00C9F29B5A2BBC80431637CB4A5FAE"
"sobre\values.svg","510",".svg","A60D56F0D9B021BE2114B9E43CD6A4FAB1E6E400D165B0CA22192457AF297E09"
"sobre\values.webp","37",".webp","F3DF71694D3010DFD4C75BF9A5309DD4A16204348752E20AF76E24A9D0CA27D7"
"sobre\vision.svg","1448",".svg","F23AB4EE07AD9178EEBB6B037265EF664A13BBD2040466F4955C40B1DA8FF87B"
"sobre\equipe\ana-costa.svg","446",".svg","6C7645C1EB35A3C2D3AEE2A20FCBCAEA69611B3CF7B3BBB4FD06EDBF38890C19"
"sobre\equipe\carlos-silva.svg","449",".svg","04715638CBB0149B1284DA16E3F6C6EB1DA5350328424A4C5D619521C4A092BB"
"sobre\equipe\fernanda-oliveira.svg","454",".svg","CFA2E249F4B527A4C9D8429FBBC34F03D54765AF1319C362D65CE0E02BC969D6"
"sobre\equipe\marcos-lima.svg","448",".svg","AD357DB77A34984A6A684809338A43736E26DBB1D947E2FCA080FA7B6790AE3F"
"sobre\equipe\nossaequipe.jpg","170667",".jpg","84032B064B2B56A4E44B83D8D2E564563BC0CEE525254531B3EB6EDC87C3A39F"
"sobre\equipe\patricia-rocha.svg","452",".svg","2599FC78188711306AEE5B8FFDCD3FBD44362D01A802BCF863FB138F688A9CC7"
"sobre\equipe\placeholder.svg","268",".svg","6610A23A396F67FDEAE5DCAE85FC240309ABCBBBE08FB17E72CAD88809E6A6F4"
"sobre\equipe\ricardo-santos.svg","451",".svg","5A9CEE44C52392694C6F89820A6F197866CAF9A903F2F988597F0C90C498AFCB"
"sobre\equipe\thiago-mendes.svg","450",".svg","CAD626248F897F75EA5800A026D36EE964F2DB759795FE8525C0298C8B86606C"
"sobre\equipe\time-rh.jfif","90810",".jfif","EA50BC6DD0B6E8856A65A381C943AFD3CD7E748A00E158AD3DBDB4EBE4A43F36"
"suporte\suporte.webp","102448",".webp","A2F5AD5C0DC7487E1C0136577AAFC284E0DE10EACFC80871DCE6D08C66D92D98"
"suporte\hero\suporte.webp","102448",".webp","A2F5AD5C0DC7487E1C0136577AAFC284E0DE10EACFC80871DCE6D08C66D92D98"
"team\ana-costa.svg","446",".svg","6C7645C1EB35A3C2D3AEE2A20FCBCAEA69611B3CF7B3BBB4FD06EDBF38890C19"
"team\carlos-silva.svg","449",".svg","04715638CBB0149B1284DA16E3F6C6EB1DA5350328424A4C5D619521C4A092BB"
"team\fernanda-oliveira.svg","454",".svg","CFA2E249F4B527A4C9D8429FBBC34F03D54765AF1319C362D65CE0E02BC969D6"
"team\marcos-lima.svg","448",".svg","AD357DB77A34984A6A684809338A43736E26DBB1D947E2FCA080FA7B6790AE3F"
"team\patricia-rocha.svg","452",".svg","2599FC78188711306AEE5B8FFDCD3FBD44362D01A802BCF863FB138F688A9CC7"
"team\placeholder.svg","263",".svg","B2C46BDDD21BCC58B16761E7B763D578FD01F18B0909F50BDC0438B6DB6F6C81"
"team\ricardo-santos.svg","451",".svg","5A9CEE44C52392694C6F89820A6F197866CAF9A903F2F988597F0C90C498AFCB"
"team\thiago-mendes.svg","450",".svg","CAD626248F897F75EA5800A026D36EE964F2DB759795FE8525C0298C8B86606C"
"team\time-rh.jfif","90810",".jfif","EA50BC6DD0B6E8856A65A381C943AFD3CD7E748A00E158AD3DBDB4EBE4A43F36"
"trabalhe-conosco\trabalhe-conosco.webp","49530",".webp","E206E66BF68F9F7F17D51817156E39B2BA7239CFADD79B439CE7F636804A754D"
"vagas\hero\recruitment.svg","1068",".svg","E8012A3EB3B4AFDED99617DAFACE7C5D3648A05CB3AE181506CE834057624602"
"vagas\hero\recruitment.webp","37",".webp","F3DF71694D3010DFD4C75BF9A5309DD4A16204348752E20AF76E24A9D0CA27D7"
"vagas\hero\workers.svg","997",".svg","1B8B8942FBC3CA71D7758AF74CBD5D63D4DC51BED054EC5238A0E0196C3D52E5"
"vagas\hero\workers.webp","37",".webp","F3DF71694D3010DFD4C75BF9A5309DD4A16204348752E20AF76E24A9D0CA27D7"
